﻿<?xml version="1.0" encoding="utf-8" ?>
<Defs>

<ThingDef ParentName="AnimalThingBase">
    <defName>PoisonDeer</defName>
    <label>deer</label>
    <description>A medium-sized herding herbivore. Generally peaceful unless disturbed.</description>
    <statBases>
      <MoveSpeed>4.84</MoveSpeed>
      <ComfyTemperatureMin>-30</ComfyTemperatureMin>
      <MarketValue>200</MarketValue>
      <ToxicSensitivity>0</ToxicSensitivity>
    </statBases>
    <verbs>
      <li>
        <verbClass>Verb_MeleeAttack</verbClass>
        <defaultCooldownTime>1.65</defaultCooldownTime>
        <meleeDamageBaseAmount>7</meleeDamageBaseAmount>
        <meleeDamageDef>Blunt</meleeDamageDef>
        <linkedBodyPartsGroup>FrontLeftLeg</linkedBodyPartsGroup>
      </li>
      <li>
        <verbClass>Verb_MeleeAttack</verbClass>
        <defaultCooldownTime>1.65</defaultCooldownTime>
        <meleeDamageBaseAmount>7</meleeDamageBaseAmount>
        <meleeDamageDef>Blunt</meleeDamageDef>
        <linkedBodyPartsGroup>FrontRightLeg</linkedBodyPartsGroup>
      </li>
      <li>
        <verbClass>Verb_MeleeAttack</verbClass>
        <defaultCooldownTime>1.65</defaultCooldownTime>
        <meleeDamageBaseAmount>3</meleeDamageBaseAmount>
        <meleeDamageDef>Blunt</meleeDamageDef>
        <linkedBodyPartsGroup>HeadAttackTool</linkedBodyPartsGroup>
      </li>
    </verbs>
    <race>
      <body>QuadrupedAnimalWithHooves</body>
      <herdAnimal>true</herdAnimal>
      <baseBodySize>0.9</baseBodySize>
			<baseHealthScale>0.9</baseHealthScale>
			<baseHungerRate>0.40</baseHungerRate>
			<foodType>VegetarianRoughAnimal</foodType>
      <leatherDef>Leather_Plain</leatherDef>
      <meatLabel>venison</meatLabel>
      <wildness>0.75</wildness>
      <nuzzleMtbHours>120</nuzzleMtbHours>
      <gestationPeriodDays>22.5</gestationPeriodDays>
      <lifeExpectancy>15</lifeExpectancy>
      <lifeStageAges>
        <li>
          <def>AnimalBaby</def>
          <minAge>0</minAge>
        </li>
        <li>
          <def>AnimalJuvenile</def>
          <minAge>0.2</minAge>
        </li>
        <li>
          <def>AnimalAdult</def>
          <minAge>0.5</minAge>
          <soundWounded>Pawn_Deer_Wounded</soundWounded>
          <soundDeath>Pawn_Deer_Death</soundDeath>
          <soundCall>Pawn_Deer_Call</soundCall>
          <soundAngry>Pawn_Deer_Angry</soundAngry>
        </li>
      </lifeStageAges>
      <soundMeleeHitPawn>Pawn_Melee_BigBash_HitPawn</soundMeleeHitPawn>
      <soundMeleeHitBuilding>Pawn_Melee_BigBash_HitBuilding</soundMeleeHitBuilding>
      <soundMeleeMiss>Pawn_Melee_BigBash_Miss</soundMeleeMiss>
    </race>
    <tradeTags>
      <li>StandardAnimal</li>
    </tradeTags>
  </ThingDef>
  
  <PawnKindDef ParentName="AnimalKindBase">
    <defName>PoisonDeer</defName>
    <label>deer</label>
    <labelPlural>deer</labelPlural>
    <race>PoisonDeer</race>
    <combatPower>50</combatPower>
    <ecoSystemWeight>0.5</ecoSystemWeight>
    <labelMale>buck</labelMale>
    <labelFemale>doe</labelFemale>
    <lifeStages>
      <li>
        <bodyGraphicData>
          <texPath>Things/Pawn/Animal/Deer/DeerBaby</texPath>
          <drawSize>1.1</drawSize>
          <color>(39,84,123)</color>
          <shaderType>CutoutComplex</shaderType>
        </bodyGraphicData>
        <dessicatedBodyGraphicData>
          <texPath>Things/Pawn/Animal/Deer/Dessicated_DeerBaby</texPath>
          <drawSize>1.0</drawSize>
        </dessicatedBodyGraphicData>
      </li>
      <li>
        <bodyGraphicData>
          <texPath>Things/Pawn/Animal/Deer/DeerBaby</texPath>
          <drawSize>1.5</drawSize>
          <color>(39,84,123)</color>
          <shaderType>CutoutComplex</shaderType>
          <shadowData>
            <volume>(0.3, 0.3, 0.3)</volume>
            <offset>(0,0,-0.3)</offset>
          </shadowData>
        </bodyGraphicData>
        <dessicatedBodyGraphicData>
          <texPath>Things/Pawn/Animal/Deer/Dessicated_DeerBaby</texPath>
          <drawSize>1.15</drawSize>
        </dessicatedBodyGraphicData>
      </li>
      <li>
        <bodyGraphicData>
          <texPath>Things/Pawn/Animal/Deer/DeerMale</texPath>
          <drawSize>3.45</drawSize>
          <color>(39,84,123)</color>
          <shaderType>CutoutComplex</shaderType>
          <shadowData>
            <volume>(0.4, 0.4, 0.4)</volume>
            <offset>(0,0,-0.2)</offset>
          </shadowData>
        </bodyGraphicData>
        <femaleGraphicData>
          <texPath>Things/Pawn/Animal/Deer/DeerFemale</texPath>
          <drawSize>1.55</drawSize>
          <color>(39,84,123)</color>
          <shaderType>CutoutComplex</shaderType>
          <shadowData>
            <volume>(0.4, 0.4, 0.4)</volume>
            <offset>(0,0,-0.2)</offset>
          </shadowData>
        </femaleGraphicData>
        <dessicatedBodyGraphicData>
          <texPath>Things/Pawn/Animal/Deer/Dessicated_DeerFemale</texPath>
          <drawSize>1.35</drawSize>
        </dessicatedBodyGraphicData>
      </li>
    </lifeStages>
  </PawnKindDef>

<ThingDef ParentName="AnimalThingBase">
    <defName>PoisonRat</defName>
    <label>rat</label>
    <description>A rodent famous for soiling kitchens and spreading disease. Eats almost anything; lives almost anywhere.</description>
    <statBases>
      <MoveSpeed>3.6</MoveSpeed>
      <ComfyTemperatureMin>-30</ComfyTemperatureMin>
      <MarketValue>60</MarketValue>
      <ToxicSensitivity>0</ToxicSensitivity>
    </statBases>
    <verbs>
      <li>
        <verbClass>Verb_MeleeAttack</verbClass>
        <defaultCooldownTime>1.65</defaultCooldownTime>
        <meleeDamageBaseAmount>4</meleeDamageBaseAmount>
        <meleeDamageDef>Scratch</meleeDamageDef>
        <linkedBodyPartsGroup>FrontLeftPaw</linkedBodyPartsGroup>
      </li>
      <li>
        <verbClass>Verb_MeleeAttack</verbClass>
        <defaultCooldownTime>1.65</defaultCooldownTime>
        <meleeDamageBaseAmount>4</meleeDamageBaseAmount>
        <meleeDamageDef>Scratch</meleeDamageDef>
        <linkedBodyPartsGroup>FrontRightPaw</linkedBodyPartsGroup>
      </li>
      <li>
        <verbClass>Verb_MeleeAttack</verbClass>
        <defaultCooldownTime>1.65</defaultCooldownTime>
        <meleeDamageBaseAmount>5</meleeDamageBaseAmount>
        <meleeDamageDef>Bite</meleeDamageDef>
        <linkedBodyPartsGroup>Teeth</linkedBodyPartsGroup>
      </li>
      <li>
        <verbClass>Verb_MeleeAttack</verbClass>
        <defaultCooldownTime>1.65</defaultCooldownTime>
        <meleeDamageBaseAmount>1</meleeDamageBaseAmount>
        <meleeDamageDef>Blunt</meleeDamageDef>
        <linkedBodyPartsGroup>HeadAttackTool</linkedBodyPartsGroup>
      </li>
    </verbs>
    <race>
      <body>QuadrupedAnimalWithPaws</body>
      <baseBodySize>0.15</baseBodySize>
      <baseHungerRate>0.20</baseHungerRate>
      <baseHealthScale>0.29</baseHealthScale>
      <foodType>OmnivoreRoughAnimal</foodType>
      <leatherDef>Leather_Plain</leatherDef>
      <wildness>0.50</wildness>
      <mateMtbHours>8</mateMtbHours>
      <gestationPeriodDays>12</gestationPeriodDays>
      <litterSizeCurve>
        <points>
          <li>(0.5, 0)</li>
          <li>(1, 1)</li>
          <li>(5, 1)</li>
          <li>(5.5, 0)</li>
        </points>
      </litterSizeCurve>
      <lifeExpectancy>8</lifeExpectancy>
      <lifeStageAges>
        <li>
          <def>AnimalBaby</def>
          <minAge>0</minAge>
        </li>
        <li>
          <def>AnimalJuvenile</def>
          <minAge>0.07</minAge>
        </li>
        <li>
          <def>AnimalAdult</def>
          <minAge>0.3</minAge>
          <soundWounded>Pawn_Boomrat_Wounded</soundWounded>
          <soundDeath>Pawn_Boomrat_Death</soundDeath>
          <soundCall>Pawn_Boomrat_Call</soundCall>
          <soundAngry>Pawn_Boomrat_Angry</soundAngry>
        </li>
      </lifeStageAges>
      <soundMeleeHitPawn>Pawn_Melee_SmallScratch_HitPawn</soundMeleeHitPawn>
      <soundMeleeHitBuilding>Pawn_Melee_SmallScratch_HitBuilding</soundMeleeHitBuilding>
      <soundMeleeMiss>Pawn_Melee_SmallScratch_Miss</soundMeleeMiss>
    </race>
    <tradeTags>
      <li>StandardAnimal</li>
    </tradeTags>
  </ThingDef>

<PawnKindDef ParentName="AnimalKindBase">
    <defName>PoisonRat</defName>
    <label>rat</label>
    <race>PoisonRat</race>
    <combatPower>25</combatPower>
    <ecoSystemWeight>0.5</ecoSystemWeight>
    <lifeStages>
      <li>
        <bodyGraphicData>
          <texPath>Things/Pawn/Animal/Rat/Rat</texPath>
          <color>(69,48,97)</color>
          <drawSize>1.0</drawSize>
          <shaderType>CutoutComplex</shaderType>
        </bodyGraphicData>
        <dessicatedBodyGraphicData>
          <texPath>Things/Pawn/Animal/Rat/Dessicated_Rat</texPath>
          <drawSize>1.0</drawSize>
        </dessicatedBodyGraphicData>
      </li>
      <li>
        <bodyGraphicData>
          <texPath>Things/Pawn/Animal/Rat/Rat</texPath>
          <color>(69,48,97)</color>
          <drawSize>1.1</drawSize>
          <shaderType>CutoutComplex</shaderType>
        </bodyGraphicData>
        <dessicatedBodyGraphicData>
          <texPath>Things/Pawn/Animal/Rat/Dessicated_Rat</texPath>
          <drawSize>1.1</drawSize>
        </dessicatedBodyGraphicData>
      </li>
      <li>
        <bodyGraphicData>
          <texPath>Things/Pawn/Animal/Rat/Rat</texPath>
          <color>(69,48,97)</color>
          <drawSize>1.25</drawSize>
          <shaderType>CutoutComplex</shaderType>
        </bodyGraphicData>
        <dessicatedBodyGraphicData>
          <texPath>Things/Pawn/Animal/Rat/Dessicated_Rat</texPath>
          <drawSize>0.95</drawSize>
        </dessicatedBodyGraphicData>
      </li>
    </lifeStages>
  </PawnKindDef>

  <ThingDef ParentName="AnimalThingBase">
    <defName>MutantCow</defName>
    <label>cow</label>
    <description>A very common domestic animal. It can produce large amounts of milk, or be slaughtered for delicious food.</description>
    <statBases>
      <MoveSpeed>3.15</MoveSpeed>
      <ComfyTemperatureMin>-14</ComfyTemperatureMin>
      <MarketValue>350</MarketValue>
    </statBases>
    <comps>
      <li Class="CompProperties_Milkable">
        <milkDef>Milk</milkDef>
        <milkIntervalDays>1</milkIntervalDays>
        <milkAmount>15</milkAmount>
      </li>
    </comps>
    <verbs>
      <li>
        <verbClass>Verb_MeleeAttack</verbClass>
        <defaultCooldownTime>1.65</defaultCooldownTime>
        <meleeDamageBaseAmount>6</meleeDamageBaseAmount>
        <meleeDamageDef>Bite</meleeDamageDef>
        <linkedBodyPartsGroup>Teeth</linkedBodyPartsGroup>
      </li>
      <li>
        <verbClass>Verb_MeleeAttack</verbClass>
        <defaultCooldownTime>1.65</defaultCooldownTime>
        <meleeDamageBaseAmount>5</meleeDamageBaseAmount>
        <meleeDamageDef>Blunt</meleeDamageDef>
        <linkedBodyPartsGroup>HeadAttackTool</linkedBodyPartsGroup>
      </li>
    </verbs>
    <race>
      <body>QuadrupedAnimalWithHooves</body>
      <baseBodySize>2.0</baseBodySize>
      <baseHungerRate>0.85</baseHungerRate>
      <baseHealthScale>1.5</baseHealthScale>
      <foodType>VegetarianRoughAnimal</foodType>
      <leatherDef>Leather_Plain</leatherDef>
      <gestationPeriodDays>20</gestationPeriodDays>
      <wildness>0.05</wildness>
      <trainability>Intermediate</trainability>
      <meatLabel>beef</meatLabel>
      <litterSizeCurve>
        <points>
          <li>(0.5, 0)</li>
          <li>(1, 1)</li>
          <li>(3, 1)</li>
          <li>(3.5, 0)</li>
        </points>
      </litterSizeCurve>
      <lifeExpectancy>22</lifeExpectancy>
      <lifeStageAges>
        <li>
          <def>AnimalBaby</def>
          <minAge>0</minAge>
        </li>
        <li>
          <def>AnimalJuvenile</def>
          <minAge>0.2</minAge>
        </li>
        <li>
          <def>AnimalAdult</def>
          <minAge>0.45</minAge>
          <soundWounded>Pawn_Muffalo_Wounded</soundWounded>
          <soundDeath>Pawn_Muffalo_Death</soundDeath>
          <soundCall>Pawn_Muffalo_Call</soundCall>
          <soundAngry>Pawn_Muffalo_Angry</soundAngry>
        </li>
      </lifeStageAges>
      <soundMeleeHitPawn>Pawn_Melee_BigBash_HitPawn</soundMeleeHitPawn>
      <soundMeleeHitBuilding>Pawn_Melee_BigBash_HitBuilding</soundMeleeHitBuilding>
      <soundMeleeMiss>Pawn_Melee_BigBash_Miss</soundMeleeMiss>
    </race>
    <tradeTags>
      <li>StandardAnimal</li>
    </tradeTags>
  </ThingDef>

  <PawnKindDef ParentName="AnimalKindBase">
    <defName>MutantCow</defName>
    <label>cow</label>
    <race>Cow</race>
    <combatPower>55</combatPower>
    <ecoSystemWeight>0.5</ecoSystemWeight>
    <labelMale>bull</labelMale>
    <labelFemale>cow</labelFemale>
    <lifeStages>
      <li>
        <label>calf</label>
        <labelPlural>calves</labelPlural>
        <bodyGraphicData>
          <texPath>Animal/Cow/Bull</texPath>
          <drawSize>1.3</drawSize>
          <shadowData>
            <volume>(0.4, 0.3, 0.3)</volume>
            <offset>(0,0,-0.2)</offset>
          </shadowData>
        </bodyGraphicData>
        <femaleGraphicData>
          <texPath>Animal/Cow/Cow</texPath>
          <drawSize>1.25</drawSize>
          <shadowData>
            <volume>(0.4, 0.3, 0.3)</volume>
            <offset>(0,0,-0.2)</offset>
          </shadowData>
        </femaleGraphicData>
        <dessicatedBodyGraphicData>
          <texPath>Things/Pawn/Animal/Cow/Dessicated_Cow</texPath>
          <drawSize>1.3</drawSize>
        </dessicatedBodyGraphicData>
      </li>
      <li>
        <bodyGraphicData>
          <texPath>Animal/Cow/Bull</texPath>
          <drawSize>2.15</drawSize>
          <shadowData>
            <volume>(0.6, 0.45, 0.45)</volume>
            <offset>(0,0,-0.25)</offset>
          </shadowData>
        </bodyGraphicData>
        <femaleGraphicData>
          <texPath>Animal/Cow/Cow</texPath>
          <drawSize>2.0</drawSize>
          <shadowData>
            <volume>(0.6, 0.45, 0.45)</volume>
            <offset>(0,0,-0.25)</offset>
          </shadowData>
        </femaleGraphicData>
        <dessicatedBodyGraphicData>
          <texPath>Things/Pawn/Animal/Cow/Dessicated_Bull</texPath>
          <drawSize>2.15</drawSize>
        </dessicatedBodyGraphicData>
      </li>
      <li>
        <bodyGraphicData>
          <texPath>Animal/Cow/Bull</texPath>
          <drawSize>2.7</drawSize>
          <shadowData>
            <volume>(0.8, 0.6, 0.6)</volume>
            <offset>(0,0,-0.3)</offset>
          </shadowData>
        </bodyGraphicData>
        <femaleGraphicData>
          <texPath>Animal/Cow/Cow</texPath>
          <drawSize>2.6</drawSize>
          <shadowData>
            <volume>(0.8, 0.6, 0.6)</volume>
            <offset>(0,0,-0.3)</offset>
          </shadowData>
        </femaleGraphicData>
        <dessicatedBodyGraphicData>
          <texPath>Things/Pawn/Animal/Cow/Dessicated_Cow</texPath>
          <drawSize>2.7</drawSize>
        </dessicatedBodyGraphicData>
      </li>
    </lifeStages>
  </PawnKindDef>

  <ThingDef ParentName="AnimalThingBase">
    <defName>PoisonButterfly</defName>
    <label>butterfly</label>
    <description>Butterflies are beautiful, flying insects with large scaly wings. Butterflies are caterpillers which have completed metamorphasis.</description>
    <statBases>
      <MoveSpeed>4.84</MoveSpeed>
      <ComfyTemperatureMin>-30</ComfyTemperatureMin>
      <MarketValue>200</MarketValue>
      <ToxicSensitivity>0</ToxicSensitivity>
    </statBases>
    <comps>
      <li Class="CompProperties_Milkable">
        <milkDef>Silk</milkDef>
        <milkIntervalDays>1</milkIntervalDays>
        <milkAmount>15</milkAmount>
      </li>
      <li Class="CompProperties_EggLayer">
        <eggFertilizedDef>EggButterflyFertilized</eggFertilizedDef>
        <eggFertilizationCountMax>1</eggFertilizationCountMax>
        <eggLayIntervalDays>1.7</eggLayIntervalDays>
        <eggCountRange>1</eggCountRange>
      </li>
    </comps>
    <tools>
      <li>
        <capacities>
          <li>Bite</li>
        </capacities>
        <power>7</power>
        <cooldownTime>2.5</cooldownTime>
        <linkedBodyPartsGroup>Mouth</linkedBodyPartsGroup>
      </li>
      <li>
        <label>head</label>
        <capacities>
          <li>Blunt</li>
        </capacities>
        <power>4</power>
        <cooldownTime>1.65</cooldownTime>
        <linkedBodyPartsGroup>HeadAttackTool</linkedBodyPartsGroup>
      </li>
    </tools>
    <race>
      <body>BeetleLike</body>
      <baseBodySize>0.2</baseBodySize>
			<baseHealthScale>0.9</baseHealthScale>
			<baseHungerRate>0.40</baseHungerRate>
			<foodType>OmnivoreAnimal, AnimalProduct</foodType>
      <leatherDef>Leather_Plain</leatherDef>
      <useMeatFrom>Megaspider</useMeatFrom>
      <meatColor>(160,150,140)</meatColor>
      <meatLabel>butterfly meat</meatLabel>
      <wildness>0.75</wildness>
      <gestationPeriodDays>22.5</gestationPeriodDays>
      <lifeExpectancy>15</lifeExpectancy>
      <lifeStageAges>
        <li>
          <def>AnimalBaby</def>
          <minAge>0</minAge>
        </li>
        <li>
          <def>AnimalJuvenile</def>
          <minAge>0.2</minAge>
        </li>
        <li>
          <def>AnimalAdult</def>
          <minAge>0.5</minAge>
          <soundWounded>Pawn_Megascarab_Wounded</soundWounded>
          <soundDeath>Pawn_Megascarab_Death</soundDeath>
          <soundCall>Pawn_Megascarab_Call</soundCall>
          <soundAngry>Pawn_Megascarab_Angry</soundAngry>
        </li>
      </lifeStageAges>
      <soundMeleeHitPawn>Pawn_Melee_SmallScratch_HitPawn</soundMeleeHitPawn>
      <soundMeleeHitBuilding>Pawn_Melee_SmallScratch_HitBuilding</soundMeleeHitBuilding>
      <soundMeleeMiss>Pawn_Melee_SmallScratch_Miss</soundMeleeMiss>
    </race>
    <tradeTags>
      <li>Insectoid</li>
    </tradeTags>
  </ThingDef>
  
  <PawnKindDef ParentName="AnimalKindBase">
    <defName>PoisonButterfly</defName>
    <label>butterfly</label>
    <labelPlural>butterflies</labelPlural>
    <race>PoisonButterfly</race>
    <combatPower>10</combatPower>
    <ecoSystemWeight>0.5</ecoSystemWeight>
    <labelMale>butterfly</labelMale>
    <labelFemale>butterfly</labelFemale>
    <lifeStages>
      <li>
        <bodyGraphicData>
          <texPath>Animal/Butterfly/butterfly</texPath>
          <drawSize>1.5</drawSize>
          <shaderType>CutoutComplex</shaderType>
        </bodyGraphicData>
        <dessicatedBodyGraphicData>
          <texPath>Things/Pawn/Animal/Dessicated/CritterDessicatedMedium</texPath>
          <drawSize>1.5</drawSize>
        </dessicatedBodyGraphicData>
      </li>
      <li>
        <bodyGraphicData>
          <texPath>Animal/Butterfly/butterfly</texPath>
          <drawSize>1.5</drawSize>
          <shaderType>CutoutComplex</shaderType>
          <shadowData>
            <volume>(0.3, 0.3, 0.3)</volume>
            <offset>(0,0,-0.3)</offset>
          </shadowData>
        </bodyGraphicData>
        <dessicatedBodyGraphicData>
          <texPath>Things/Pawn/Animal/Megascarab/Dessicated_Megascarab</texPath>
          <drawSize>1.5</drawSize>
        </dessicatedBodyGraphicData>
      </li>
      <li>
        <bodyGraphicData>
          <texPath>Animal/Butterfly/butterfly</texPath>
          <drawSize>1.5</drawSize>
          <shaderType>CutoutComplex</shaderType>
          <shadowData>
            <volume>(0.4, 0.4, 0.4)</volume>
            <offset>(0,0,-0.2)</offset>
          </shadowData>
        </bodyGraphicData>
        <femaleGraphicData>
          <texPath>Animal/Butterfly/butterfly</texPath>
          <drawSize>1.2</drawSize>
          <shaderType>CutoutComplex</shaderType>
          <shadowData>
            <volume>(0.4, 0.4, 0.4)</volume>
            <offset>(0,0,-0.2)</offset>
          </shadowData>
        </femaleGraphicData>
        <dessicatedBodyGraphicData>
          <texPath>Things/Pawn/Animal/Megascarab/Dessicated_Megascarab</texPath>
          <drawSize>1.5</drawSize>
        </dessicatedBodyGraphicData>
      </li>
    </lifeStages>
  </PawnKindDef>
</Defs>