﻿<?xml version="1.0" encoding="utf-8" ?>
<Defs>

  <BiomeDef>
    <defName>Volcano</defName>
    <label>volcano</label>
    <description>A volcano is a rupture in the crust of a planet, that allows hot lava, volcanic ash, and gases to escape from a magma chamber below the surface.</description>
    <workerClass>BiomesPlus.BiomeWorker_Volcano</workerClass>
    <animalDensity>0.25</animalDensity>
    <plantDensity>0.16</plantDensity>
    <settlementSelectionWeight>0.5</settlementSelectionWeight>
    <movementDifficulty>2</movementDifficulty>
    <forageability>1</forageability>
    <foragedFood>RawBerries</foragedFood>
    <wildPlantRegrowDays>15</wildPlantRegrowDays>
    <texture>Biomes/Volcano</texture>
    <diseaseMtbDays>80</diseaseMtbDays>
    <diseases>
      <li>
        <diseaseInc>Disease_Flu</diseaseInc>
        <commonality>100</commonality>
      </li>
      <li>
        <diseaseInc>Disease_Plague</diseaseInc>
        <commonality>80</commonality>
      </li>
      <li>
        <diseaseInc>Disease_FibrousMechanites</diseaseInc>
        <commonality>30</commonality>
      </li>
      <li>
        <diseaseInc>Disease_SensoryMechanites</diseaseInc>
        <commonality>30</commonality>
      </li>
      <li>
        <diseaseInc>Disease_GutWorms</diseaseInc>
        <commonality>60</commonality>
      </li>
      <li>
        <diseaseInc>Disease_MuscleParasites</diseaseInc>
        <commonality>60</commonality>
      </li>
    </diseases>
    <terrainsByFertility>
      <li>
        <terrain>Gravel</terrain>
        <min>-999</min>
        <max>0.45</max>
      </li>
      <li>
        <terrain>VolcanoSoil</terrain>
        <min>-999</min>
        <max>0.80</max>
      </li>
      <li>
        <terrain>VolcanoSoilRich</terrain>
        <min>0.80</min>
        <max>999</max>
      </li>
    </terrainsByFertility>
<terrainPatchMakers>
      <li>
        <perlinFrequency>0.035</perlinFrequency>
        <thresholds>
      	  <li>
            <terrain>VolcanoSoilRich</terrain>
            <min>0.5</min>
            <max>0.64</max>
     	  </li>
          <li>
            <terrain>WaterShallow</terrain>
            <min>0.64</min>
            <max>0.87</max>
          </li>
          <li>
            <terrain>WaterDeep</terrain>
            <min>0.87</min>
            <max>999</max>
          </li>
        </thresholds>
      </li>
      <li>
        <perlinFrequency>0.02</perlinFrequency>
        <thresholds>
          <li>
            <terrain>VolcanoSoilRich</terrain>
            <min>0.2</min>
            <max>0.5</max>
          </li>
          <li>
            <terrain>VolcanoObsidian</terrain>
            <min>0.5</min>
            <max>0.7</max>
          </li>
          <li>
            <terrain>Lava</terrain>
            <min>0.7</min>
            <max>999</max>
          </li>
        </thresholds>
      </li>
    </terrainPatchMakers>
    <baseWeatherCommonalities>
      <Clear>18</Clear>
      <Rain>2</Rain>
      <DryThunderstorm>1</DryThunderstorm>
      <RainyThunderstorm>1</RainyThunderstorm>
      <SnowGentle>4</SnowGentle>
      <SnowHard>4</SnowHard>
    </baseWeatherCommonalities>
        <wildPlants>
			<Plant_Grass>10.0</Plant_Grass>
			<Plant_Moss>4.0</Plant_Moss>
			<Plant_Bush>3.0</Plant_Bush>
			<Plant_TreePine>5.0</Plant_TreePine>
			<Plant_Berry>1.8</Plant_Berry>
			<Plant_TreeBirch>1.5</Plant_TreeBirch>
			<Plant_TreePoplar>1.2</Plant_TreePoplar>
			<Plant_HealrootWild>0.3</Plant_HealrootWild>
		</wildPlants>
    <wildAnimals>
			<Hare>1.00</Hare>
			<Squirrel>1.00</Squirrel>
			<Rat>0.8</Rat>
			<Deer>0.5</Deer>
			<WildBoar>0.5</WildBoar>
			<Turkey>0.5</Turkey>
			<Raccoon>0.4</Raccoon>
			<Tortoise>0.4</Tortoise>
			<Ibex>0.3</Ibex>
			<Boomrat>0.25</Boomrat>
			<Muffalo>0.2</Muffalo>
			<Boomalope>0.2</Boomalope>
			<Alpaca>0.1</Alpaca>
			<Emu>0.1</Emu>
			<Ostrich>0.1</Ostrich>
			<Gazelle>0.05</Gazelle>
			<Wolf_Timber>0.04</Wolf_Timber>
			<Fox_Red>0.04</Fox_Red>
			<Megasloth>0.04</Megasloth>
      			<Bear_Grizzly>0.07</Bear_Grizzly>
			<Warg>0.012</Warg>
			<Cougar>0.012</Cougar>
      <Lynx>0.008</Lynx>
    </wildAnimals>
    <allowedPackAnimals>
      <li>Muffalo</li>
      <li>Dromedary</li>
    </allowedPackAnimals>
  </BiomeDef>

</Defs>