﻿<?xml version="1.0" encoding="utf-8" ?>
<Defs>

  <BiomeDef>
    <defName>Wasteland</defName>
    <label>wasteland</label>
    <description>A highly radioactive desert. Nuclear contamination from weapons testing, war or meltdowns has permanently altered the landscape.</description>
    <workerClass>BiomesPlus.BiomeWorker_Wasteland</workerClass>
    <animalDensity>0.1</animalDensity>
    <plantDensity>0.01</plantDensity>
    <hasVirtualPlants>false</hasVirtualPlants>
    <settlementSelectionWeight>0.2</settlementSelectionWeight>
    <movementDifficulty>2</movementDifficulty>
    <forageability>1</forageability>
    <foragedFood>RawBerries</foragedFood>
    <wildPlantRegrowDays>15</wildPlantRegrowDays>
    <texture>Biomes/Wasteland</texture>
    <diseaseMtbDays>90</diseaseMtbDays>
    <diseases>
      <li>
        <diseaseInc>Disease_Flu</diseaseInc>
        <commonality>100</commonality>
      </li>
      <li>
        <diseaseInc>Disease_Plague</diseaseInc>
        <commonality>80</commonality>
      </li>
      <li>
        <diseaseInc>Disease_FibrousMechanites</diseaseInc>
        <commonality>30</commonality>
      </li>
      <li>
        <diseaseInc>Disease_SensoryMechanites</diseaseInc>
        <commonality>30</commonality>
      </li>
      <li>
        <diseaseInc>Disease_GutWorms</diseaseInc>
        <commonality>40</commonality>
      </li>
      <li>
        <diseaseInc>Disease_MuscleParasites</diseaseInc>
        <commonality>40</commonality>
      </li>
    </diseases>
    <terrainsByFertility>
      <li>
        <terrain>VolcanoSoil</terrain>
        <min>-999</min>
        <max>0.5</max>
      </li>
      <li>
        <terrain>WastelandAsphalt</terrain>
        <min>0.5</min>
        <max>999</max>
      </li>
    </terrainsByFertility>
<terrainPatchMakers>
      <li>
        <perlinFrequency>0.02</perlinFrequency>
        <thresholds>
          <li>
            <terrain>Gravel</terrain>
            <min>0.5</min>
            <max>0.7</max>
          </li>
          <li>
            <terrain>NuclearWaste</terrain>
            <min>0.7</min>
            <max>999</max>
          </li>
        </thresholds>
      </li>
    </terrainPatchMakers>
    <baseWeatherCommonalities>
      <Clear>18</Clear>
      <Rain>1</Rain>
      <DryThunderstorm>1</DryThunderstorm>
      <RainyThunderstorm>1</RainyThunderstorm>
      <SnowGentle>1.5</SnowGentle>
      <SnowHard>1</SnowHard>
    </baseWeatherCommonalities>
    <wildPlants>
			<Plant_Grass>1.5</Plant_Grass>
			<TreeDead>1</TreeDead>
			<Plant_Agave>0.05</Plant_Agave>
		</wildPlants>
    <wildAnimals>
      <Megascarab>1</Megascarab>
      <Iguana>0.3</Iguana>
      <Rat>0.15</Rat>
      <Dromedary>0.15</Dromedary>
      <MutantCow>0.15</MutantCow>
      <Fox_Fennec>0.04</Fox_Fennec>
    </wildAnimals>
    <allowedPackAnimals>
      <li>Muffalo</li>
      <li>Dromedary</li>
    </allowedPackAnimals>
  </BiomeDef>

</Defs>