﻿<?xml version="1.0" encoding="utf-8" ?>
<Defs>
  
  
  <ThingDef ParentName="TreeBase">
    <defName>TreeDead</defName>
    <label>dead tree</label>
    <description>A sick tree. It barely manages to survive.</description>
    <graphicData>
      <texPath>Plant/TreeDead</texPath>
      <graphicClass>Graphic_Random</graphicClass>
    </graphicData>
    <statBases>
      <Nutrition>0.05</Nutrition>
      <Beauty>2</Beauty>
    </statBases>
    <plant>
			<growDays>32.5</growDays>
			<harvestWork>1200</harvestWork>
      <harvestYield>60</harvestYield>
      <visualSizeRange>
        <min>1.3</min>
        <max>2.4</max>
      </visualSizeRange>
    </plant>
  </ThingDef>

</Defs>