﻿<?xml version="1.0" encoding="utf-8" ?>
<Defs>

  <TerrainDef>
    <defName>PoisonSoil</defName>
    <label>poison soil</label>
    <texturePath>Surfaces/PoisonSoil</texturePath>
    <edgeType>FadeRough</edgeType>
    <renderPrecedence>340</renderPrecedence>
    <pathCost>2</pathCost>
    <statBases>
      <Beauty>-1</Beauty>
      <Cleanliness>-1</Cleanliness>
    </statBases>
    <scatterType>Rocky</scatterType>
    <affordances>
      <li>Light</li>
      <li>Medium</li>
      <li>Heavy</li>
      <li>GrowSoil</li>
      <li>Diggable</li>
    </affordances>
    <generatedFilth>Filth_Dirt</generatedFilth>
    <fertility>1.0</fertility>
    <takeFootprints>True</takeFootprints>
  </TerrainDef>

  <TerrainDef>
    <defName>PoisonMarshyTerrain</defName>
    <label>marshy soil</label>
    <texturePath>Surfaces/PoisonMarshyTerrain</texturePath>
    <edgeType>FadeRough</edgeType>
    <renderPrecedence>337</renderPrecedence>
    <pathCost>15</pathCost>
    <statBases>
      <Beauty>-2</Beauty>
      <Cleanliness>-2</Cleanliness>
    </statBases>
    <scatterType>Rocky</scatterType>
    <affordances>
      <li>Light</li>
      <li>Medium</li>
      <li>Heavy</li>
      <li>GrowSoil</li>
      <li>Diggable</li>
    </affordances>
    <generatedFilth>Filth_Dirt</generatedFilth>
    <fertility>0.7</fertility>
    <takeFootprints>True</takeFootprints>
    <driesTo>Soil</driesTo>
  </TerrainDef>

  <TerrainDef>
    <defName>PoisonSoilRich</defName>
    <label>rich soil</label>
    <texturePath>Surfaces/PoisonSoilRich</texturePath>
    <edgeType>FadeRough</edgeType>
    <renderPrecedence>335</renderPrecedence>
    <pathCost>2</pathCost>
    <statBases>
      <Beauty>-1</Beauty>
      <Cleanliness>-1</Cleanliness>
    </statBases>
    <affordances>
      <li>Light</li>
      <li>Medium</li>
      <li>Heavy</li>
      <li>GrowSoil</li>
      <li>Diggable</li>
    </affordances>
    <generatedFilth>Filth_Dirt</generatedFilth>
    <fertility>1.4</fertility>
    <takeFootprints>True</takeFootprints>
  </TerrainDef>

  <TerrainDef>
    <defName>PoisonMud</defName>
    <label>mud</label>
    <texturePath>Surfaces/PoisonMud</texturePath>
    <edgeType>FadeRough</edgeType>
    <renderPrecedence>330</renderPrecedence>
    <pathCost>12</pathCost>
    <statBases>
      <Beauty>-2</Beauty>
      <Cleanliness>-2</Cleanliness>
    </statBases>
    <generatedFilth>Filth_Dirt</generatedFilth>
    <fertility>0</fertility>
    <takeFootprints>True</takeFootprints>
    <acceptFilth>false</acceptFilth>
    <avoidWander>true</avoidWander>
    <driesTo>Soil</driesTo>
  </TerrainDef>

  <TerrainDef>
    <defName>PoisonMarsh</defName>
    <label>marsh</label>
    <texturePath>Terrain/Surfaces/Marsh</texturePath>
    <edgeType>FadeRough</edgeType>
    <renderPrecedence>325</renderPrecedence>
    <pathCost>23</pathCost>
    <statBases>
      <Beauty>-2</Beauty>
      <Cleanliness>-2</Cleanliness>
    </statBases>
    <generatedFilth>Filth_Dirt</generatedFilth>
    <fertility>0</fertility>
    <takeFootprints>True</takeFootprints>
    <acceptFilth>false</acceptFilth>
    <avoidWander>true</avoidWander>
    <driesTo>Soil</driesTo>
  </TerrainDef>

  <TerrainDef>
    <defName>PoisonMossyTerrain</defName>
    <label>lichen-covered dirt</label>
    <texturePath>Surfaces/PoisonMossy</texturePath>
    <edgeType>FadeRough</edgeType>
    <renderPrecedence>315</renderPrecedence>
    <pathCost>3</pathCost>
    <statBases>
      <Beauty>-1</Beauty>
      <Cleanliness>-1</Cleanliness>
    </statBases>
    <generatedFilth>Filth_Dirt</generatedFilth>
    <affordances>
      <li>Light</li>
      <li>Medium</li>
      <li>Heavy</li>
      <li>GrowSoil</li>
      <li>Diggable</li>
    </affordances>
    <fertility>1</fertility>
    <takeFootprints>True</takeFootprints>
    <acceptFilth>true</acceptFilth>
    <avoidWander>false</avoidWander>
  </TerrainDef>

</Defs>