﻿<?xml version="1.0" encoding="utf-8" ?>
<Defs>

  <TerrainDef>
    <defName>SavannaSoil</defName>
    <label>soil</label>
    <texturePath>Surfaces/SavannaSoil</texturePath>
    <edgeType>FadeRough</edgeType>
    <renderPrecedence>340</renderPrecedence>
    <pathCost>2</pathCost>
    <statBases>
      <Beauty>-1</Beauty>
      <Cleanliness>-1</Cleanliness>
    </statBases>
    <scatterType>Rocky</scatterType>
    <affordances>
      <li>Light</li>
      <li>Medium</li>
      <li>Heavy</li>
      <li>GrowSoil</li>
      <li>Diggable</li>
    </affordances>
    <generatedFilth>Filth_Dirt</generatedFilth>
    <fertility>1.0</fertility>
    <takeFootprints>True</takeFootprints>
  </TerrainDef>

  <TerrainDef>
    <defName>SavannaSoilRich</defName>
    <label>rich soil</label>
    <texturePath>Surfaces/SavannaSoilRich</texturePath>
    <edgeType>FadeRough</edgeType>
    <renderPrecedence>335</renderPrecedence>
    <pathCost>2</pathCost>
    <statBases>
      <Beauty>-1</Beauty>
      <Cleanliness>-1</Cleanliness>
    </statBases>
    <affordances>
      <li>Light</li>
      <li>Medium</li>
      <li>Heavy</li>
      <li>GrowSoil</li>
      <li>Diggable</li>
    </affordances>
    <generatedFilth>Filth_Dirt</generatedFilth>
    <fertility>1.4</fertility>
    <takeFootprints>True</takeFootprints>
  </TerrainDef>

</Defs>