﻿<?xml version="1.0" encoding="utf-8" ?>
<Defs>

  <ActiveTerrain.SpecialTerrain>
    <defName>NuclearWaste</defName>
    <label>nuclear waste</label>
    <terrainInstanceClass>ActiveTerrain.TerrainInstance</terrainInstanceClass>
    <texturePath>Surfaces/NuclearWaste</texturePath>
    <edgeType>FadeRough</edgeType>
    <renderPrecedence>395</renderPrecedence>
    <pathCost>300</pathCost>
		<passability>Impassable</passability>
    <acceptFilth>false</acceptFilth>
    <fertility>0</fertility>
    <avoidWander>true</avoidWander>
    <terrainComps>
		
      <li Class="ActiveTerrain.TerrainCompProperties_Glower">

        <overlightRadius>0</overlightRadius>

        <glowColor>(75,98,5,0)</glowColor>
	<glowRadius>1</glowRadius>

	<powered>false</powered>

      </li>

    </terrainComps>

    <changeable>false</changeable>
    <holdSnow>false</holdSnow>
    <takeSplashes>true</takeSplashes>
    <tags>
      <li>NuclearWaste</li>
    </tags>
  </ActiveTerrain.SpecialTerrain>

</Defs>